<?xml version="1.0" encoding="UTF-8"?>
<addon id="repository.wizard" name="Installation Repository" version="1.0.0" provider-name="Wizard">
    <requires>
        <import addon="xbmc.addon" version="12.0.0"/>
    </requires>
    <extension point="xbmc.addon.repository" name="Wizard Repository">
        <info compressed="false">https://zen704881.github.io/repo/addons.xml</info>
        <checksum>https://zen704881.github.io/repo/addons.xml.md5</checksum>
        <datadir zip="true">https://zen704881.github.io/repo/</datadir>
        <hashes>false</hashes>
    </extension>
    <extension point="xbmc.addon.metadata">
        <summary>Repo</summary>
        <description>Installation Repo</description>
        <platform>all</platform>
    </extension>
</addon>